day,time_bucket,tte_days,panel_spot,strike_count,bs_constant_sigma,bs_rmse,heston_success,heston_v0,heston_kappa,heston_theta,heston_volvol,heston_rho,heston_rmse,rmse_improvement_heston_vs_bs
1,early,4.0,5249.5,8,0.26166903552210935,0.9426858979657581,1,0.06894858606826328,2.0003793738194124,0.04002249317894582,0.09313791385960311,-0.2673545859705536,0.9385666739842975,0.004119223981460585
1,late,4.0,5257.5,8,0.24902914980482385,1.3085161985748017,1,0.06212641007919203,1.9983607003410349,0.05604106867606672,0.05,-0.4993096866823104,1.306134623196179,0.0023815753786227134
1,mid,4.0,5240.5,8,0.25738092926071093,1.0561764677531509,1,0.06689146408258032,2.0016953769194057,0.026144967163182525,0.05,-0.09911352574697535,1.0563127178153073,-0.00013625006215645108
2,early,3.0,5266.5,8,0.28180508601881993,1.1784968849310171,1,0.07951293595757597,1.9990550491446846,0.07600202400479722,0.10511437714421475,-0.99,1.1493417095564045,0.029155175374612652
2,late,3.0,5258.5,8,0.26430698171166483,0.9720427207327299,1,0.0704569607389627,2.000861199183935,0.019810951547625532,0.05,0.026290704241699638,0.9721567920144132,-0.00011407128168328118
2,mid,3.0,5241.5,8,0.27185687090597993,1.0319740711556387,1,0.07399651996282235,2.000446053569444,0.0634730505866271,0.07058223080689638,0.841095985371495,1.0213494888277794,0.010624582327859233
3,early,2.0,5242.5,8,0.3107361866521385,0.5702853120820439,1,0.09639817236727538,2.00084184305512,0.11375175900252947,0.05,0.7082131528711747,0.5674742610686234,0.002811051013420496
3,late,2.0,5247.5,8,0.29009453824805853,0.6414329288746804,1,0.08372599516790419,2.001880993512253,0.13076510010644987,0.15100965286228435,0.99,0.5967413594446586,0.04469156943002184
3,mid,2.0,5220.5,8,0.29981661476470656,0.5612698018602824,1,0.09073473362481292,1.9990845698957034,1e-06,0.16361389588665615,-0.965528822117107,0.5014927625861022,0.05977703927418021
