day,time_bucket,product,strike,panel_mid,panel_spot,tau_years,bs_price,heston_price,bs_residual,heston_residual
1,early,VEV_4000,4000,1249.5,5249.5,0.015873015873015872,1249.4999999999995,1249.499999999996,4.547473508864641e-13,4.092726157978177e-12
1,early,VEV_4500,4500,750.0,5249.5,0.015873015873015872,749.5000470360301,749.5000680055579,0.4999529639699176,0.4999319944421359
1,early,VEV_5000,5000,255.0,5249.5,0.015873015873015872,254.71389602751424,254.81797757149764,0.2861039724857619,0.18202242850236416
1,early,VEV_5100,5100,167.0,5249.5,0.015873015873015872,167.38383958357463,167.50900660982853,-0.3838395835746269,-0.509006609828532
1,early,VEV_5200,5200,96.5,5249.5,0.015873015873015872,96.2806615295176,96.34010707860989,0.2193384704823984,0.15989292139011013
1,early,VEV_5300,5300,48.0,5249.5,0.015873015873015872,47.02501381341699,46.97077350588622,0.9749861865830098,1.0292264941137788
1,early,VEV_5400,5400,17.0,5249.5,0.015873015873015872,19.045726289718004,18.926741575977093,-2.0457262897180044,-1.9267415759770934
1,early,VEV_5500,5500,7.5,5249.5,0.015873015873015872,6.297332605617726,6.193133022598493,1.2026673943822743,1.3068669774015067
1,late,VEV_4000,4000,1257.5,5257.5,0.015873015873015872,1257.5,1257.5000000000039,0.0,-3.865352482534945e-12
1,late,VEV_4500,4500,758.0,5257.5,0.015873015873015872,757.5000101709838,757.5000155187358,0.4999898290161582,0.49998448126416406
1,late,VEV_5000,5000,261.0,5257.5,0.015873015873015872,261.23332123327145,261.3244221908009,-0.23332123327145382,-0.324422190800874
1,late,VEV_5100,5100,171.0,5257.5,0.015873015873015872,171.8415328629053,171.96688054257288,-0.8415328629052965,-0.9668805425728806
1,late,VEV_5200,5200,98.5,5257.5,0.015873015873015872,98.17302483525646,98.24363976783609,0.32697516474354416,0.2563602321639138
1,late,VEV_5300,5300,49.0,5257.5,0.015873015873015872,46.9831625175525,46.93515924438919,2.0168374824474995,2.0648407556108097
1,late,VEV_5400,5400,15.5,5257.5,0.015873015873015872,18.30430135832853,18.18354097978456,-2.80430135832853,-2.68354097978456
1,late,VEV_5500,5500,6.5,5257.5,0.015873015873015872,5.695973475680546,5.590533726051426,0.804026524319454,0.9094662739485742
1,mid,VEV_4000,4000,1240.5,5240.5,0.015873015873015872,1240.5,1240.500000000007,0.0,-7.048583938740194e-12
1,mid,VEV_4500,4500,740.5,5240.5,0.015873015873015872,740.5000407384714,740.5000442680205,-4.073847139807185e-05,-4.426802047419187e-05
1,mid,VEV_5000,5000,246.0,5240.5,0.015873015873015872,245.9611847998176,245.98283989110553,0.03881520018239826,0.017160108894472614
1,mid,VEV_5100,5100,158.0,5240.5,0.015873015873015872,159.33248083252784,159.35754338025086,-1.3324808325278354,-1.3575433802508599
1,mid,VEV_5200,5200,90.5,5240.5,0.015873015873015872,89.70211917558436,89.71238994674808,0.7978808244156426,0.7876100532519246
1,mid,VEV_5300,5300,44.0,5240.5,0.015873015873015872,42.5159124120994,42.503364564069905,1.4840875879006035,1.496635435930095
1,mid,VEV_5400,5400,14.5,5240.5,0.015873015873015872,16.555682216815626,16.532127290003643,-2.055682216815626,-2.0321272900036433
1,mid,VEV_5500,5500,5.5,5240.5,0.015873015873015872,5.213470939096112,5.194442451992894,0.28652906090388797,0.3055575480071058
2,early,VEV_4000,4000,1266.5,5266.5,0.011904761904761904,1266.5,1266.499999999998,0.0,2.0463630789890885e-12
2,early,VEV_4500,4500,766.5,5266.5,0.011904761904761904,766.5000042804722,766.5000161274941,-4.280472239770461e-06,-1.612749406376679e-05
2,early,VEV_5000,5000,269.5,5266.5,0.011904761904761904,269.46447826457916,269.72395589586534,0.03552173542084347,-0.2239558958653447
2,early,VEV_5100,5100,178.0,5266.5,0.011904761904761904,178.68057760951615,179.06913505093726,-0.6805776095161491,-1.0691350509372626
2,early,VEV_5200,5200,103.5,5266.5,0.011904761904761904,102.84566966066313,103.0973330809222,0.654330339336866,0.4026669190778023
2,early,VEV_5300,5300,51.0,5266.5,0.011904761904761904,49.42723272212788,49.306138805861444,1.5727672778721171,1.693861194138556
2,early,VEV_5400,5400,16.5,5266.5,0.011904761904761904,19.222450699541014,18.845674228774595,-2.722450699541014,-2.3456742287745946
2,early,VEV_5500,5500,6.5,5266.5,0.011904761904761904,5.923017616124014,5.582835379199926,0.5769823838759862,0.9171646208000741
2,late,VEV_4000,4000,1258.5,5258.5,0.011904761904761904,1258.5,1258.5000000000068,0.0,-6.821210263296962e-12
2,late,VEV_4500,4500,759.0,5258.5,0.011904761904761904,758.5000008076186,758.5000008016677,0.49999919238143775,0.4999991983322616
2,late,VEV_5000,5000,261.0,5258.5,0.011904761904761904,260.90361174465215,260.90110947047515,0.09638825534784701,0.09889052952485144
2,late,VEV_5100,5100,169.0,5258.5,0.011904761904761904,169.5564772537282,169.55184429241385,-0.5564772537281897,-0.5518442924138469
2,late,VEV_5200,5200,93.5,5258.5,0.011904761904761904,93.879751212482,93.87624886770902,-0.37975121248200594,-0.3762488677090232
2,late,VEV_5300,5300,44.0,5258.5,0.011904761904761904,42.22701341416359,42.22847930512803,1.7729865858364064,1.7715206948719668
2,late,VEV_5400,5400,13.0,5258.5,0.011904761904761904,14.85410781210851,14.859165487544251,-1.8541078121085093,-1.8591654875442511
2,late,VEV_5500,5500,4.5,5258.5,0.011904761904761904,3.98563496472957,3.9900442421561864,0.5143650352704299,0.5099557578438136
2,mid,VEV_4000,4000,1241.5,5241.5,0.011904761904761904,1241.5,1241.5000000000023,0.0,-2.2737367544323206e-12
2,mid,VEV_4500,4500,742.0,5241.5,0.011904761904761904,741.5000035570347,741.5000013662104,0.49999644296531187,0.49999863378957343
2,mid,VEV_5000,5000,246.0,5241.5,0.011904761904761904,245.11098872492676,244.94812104006448,0.8890112750732442,1.0518789599355216
2,mid,VEV_5100,5100,155.0,5241.5,0.011904761904761904,156.27265257212912,156.04746152936067,-1.2726525721291182,-1.0474615293606746
2,mid,VEV_5200,5200,84.5,5241.5,0.011904761904761904,84.73212640291513,84.62748070671137,-0.23212640291512798,-0.12748070671136702
2,mid,VEV_5300,5300,39.0,5241.5,0.011904761904761904,37.43444637095422,37.553096696037215,1.5655536290457803,1.4469033039627845
2,mid,VEV_5400,5400,11.5,5241.5,0.011904761904761904,13.038115862806649,13.257156337265995,-1.5381158628066487,-1.7571563372659948
2,mid,VEV_5500,5500,4.5,5241.5,0.011904761904761904,3.505444536990524,3.6667919252689902,0.9945554630094762,0.8332080747310098
3,early,VEV_4000,4000,1242.5,5242.5,0.007936507936507936,1242.5,1242.499999999999,0.0,9.094947017729282e-13
3,early,VEV_4500,4500,743.0,5242.5,0.007936507936507936,742.5000003965552,742.500000245948,0.4999996034448486,0.4999997540520553
3,early,VEV_5000,5000,245.5,5242.5,0.007936507936507936,245.02402710146725,244.96671170251466,0.4759728985327456,0.5332882974853419
3,early,VEV_5100,5100,154.0,5242.5,0.007936507936507936,154.52764087717787,154.43732189272617,-0.5276408771778733,-0.4373218927261746
3,early,VEV_5200,5200,81.0,5242.5,0.007936507936507936,81.38505261437285,81.33936848115113,-0.385052614372853,-0.3393684811511264
3,early,VEV_5300,5300,35.0,5242.5,0.007936507936507936,33.92409034787124,33.97305457001573,1.0759096521287574,1.0269454299842735
3,early,VEV_5400,5400,10.0,5242.5,0.007936507936507936,10.735420766389097,10.822161071152445,-0.7354207663890975,-0.8221610711524452
3,early,VEV_5500,5500,2.5,5242.5,0.007936507936507936,2.5125379242655583,2.5695196848062785,-0.012537924265558331,-0.06951968480627846
3,late,VEV_4000,4000,1247.5,5247.5,0.007936507936507936,1247.5,1247.4999999999943,0.0,5.6843418860808015e-12
3,late,VEV_4500,4500,747.0,5247.5,0.007936507936507936,747.500000027515,747.5000000012036,-0.5000000275149432,-0.5000000012036026
3,late,VEV_5000,5000,249.0,5247.5,0.007936507936507936,249.0834531454002,248.88841332475084,-0.08345314540019899,0.111586675249157
3,late,VEV_5100,5100,155.5,5247.5,0.007936507936507936,156.6153609480807,156.24108240008283,-1.1153609480807063,-0.7410824000828313
3,late,VEV_5200,5200,81.0,5247.5,0.007936507936507936,80.90556949052643,80.68855582284077,0.09443050947356824,0.3114441771592311
3,late,VEV_5300,5300,33.0,5247.5,0.007936507936507936,32.1060010794215,32.31377444276982,0.8939989205784968,0.6862255572301805
3,late,VEV_5400,5400,8.5,5247.5,0.007936507936507936,9.282373970231902,9.648136859119298,-0.7823739702319017,-1.1481368591192975
3,late,VEV_5500,5500,2.5,5247.5,0.007936507936507936,1.8915306925973994,2.111379296209025,0.6084693074026006,0.3886207037909748
3,mid,VEV_4000,4000,1220.5,5220.5,0.007936507936507936,1220.5,1220.499999999995,0.0,5.002220859751105e-12
3,mid,VEV_4500,4500,720.5,5220.5,0.007936507936507936,720.500000295794,720.5000020184578,-2.957940523629077e-07,-2.018457848862454e-06
3,mid,VEV_5000,5000,224.0,5220.5,0.007936507936507936,223.5558145110199,223.84400220819623,0.4441854889801107,0.15599779180377027
3,mid,VEV_5100,5100,135.0,5220.5,0.007936507936507936,135.00447872910718,135.40424463827384,-0.00447872910717706,-0.4042446382738376
3,mid,VEV_5200,5200,66.5,5220.5,0.007936507936507936,66.36824327036402,66.48931495252555,0.13175672963598117,0.010685047474453313
3,mid,VEV_5300,5300,25.5,5220.5,0.007936507936507936,25.04016542625527,24.7454991408088,0.4598345737447289,0.7545008591912001
3,mid,VEV_5400,5400,5.5,5220.5,0.007936507936507936,6.941954323187133,6.577172063452937,-1.441954323187133,-1.0771720634529371
3,mid,VEV_5500,5500,1.5,5220.5,0.007936507936507936,1.3782232574182842,1.1925499752125486,0.12177674258171578,0.3074500247874514
